020b894e3b77b4e1765a6296c887e4a2fe16be96,DELETE,regular-file,frontend/node_modules/.cache/default-development/0.pack,1110877,
66b4c8ecd0d6c253dae2cf408363a0a843c1e90e,DELETE,regular-file,frontend/node_modules/.cache/default-development/1.pack,713712,
7f2096393779c2127a3eec56a6decd631baef6bc,DELETE,regular-file,frontend/node_modules/.cache/default-development/10.pack,2196528,
de17d3aa1973f0dcaffe7845bb32d91a7dd18729,DELETE,regular-file,frontend/node_modules/.cache/default-development/11.pack,15480244,
cc617c77678c03e750ef06e8318ec1e3fd2be68b,DELETE,regular-file,frontend/node_modules/.cache/default-development/12.pack,42569,
b1768aa583027a2c24c753cf04c7a932acce98c7,DELETE,regular-file,frontend/node_modules/.cache/default-development/13.pack,6240465,
2f8eae075db764b999da197686a9b78e2bf3eed4,DELETE,regular-file,frontend/node_modules/.cache/default-development/14.pack,14056189,
88bef379907f1d2cd760917845cd639a1af28301,DELETE,regular-file,frontend/node_modules/.cache/default-development/15.pack,4640041,
3dfcdea5add946067994c52207ac3ed723f5cbaf,DELETE,regular-file,frontend/node_modules/.cache/default-development/16.pack,15854,
51647b5bce00a686e06578ce2042f4fdeae85e4e,DELETE,regular-file,frontend/node_modules/.cache/default-development/17.pack,228057,
e146b80936074092f6db54cc3d0d56286a1c56f0,DELETE,regular-file,frontend/node_modules/.cache/default-development/18.pack,1134255,
c0591cb92b6f73464487f6392700f6656a0bbd82,DELETE,regular-file,frontend/node_modules/.cache/default-development/19.pack,19066703,
20adf2501ea1aa1d4f3175d047499df20f3f6309,DELETE,regular-file,frontend/node_modules/.cache/default-development/2.pack,93843,
1fa067084f568efbb7359c29311d3f8996185ad5,DELETE,regular-file,frontend/node_modules/.cache/default-development/20.pack,76647,
2e46113b02543bf2e55c7aad78001def93be4895,DELETE,regular-file,frontend/node_modules/.cache/default-development/21.pack,77993,
3e2ab98ccf1f4b20bbd2053d7875ea0576d29f50,DELETE,regular-file,frontend/node_modules/.cache/default-development/22.pack,131583797,
e7d5adec7ee5952a4d15fe1a53009d416e6fe69f,DELETE,regular-file,frontend/node_modules/.cache/default-development/3.pack,7915,
60b7df0c11b9cc83642b2a92f18794fc44d15449,DELETE,regular-file,frontend/node_modules/.cache/default-development/4.pack,4593080,
650bd5628eeac4f4afebcb53a984952a88b974ef,DELETE,regular-file,frontend/node_modules/.cache/default-development/5.pack,4709831,
178d3e9a1b385896cd6af1b029092dfe1023cb1d,DELETE,regular-file,frontend/node_modules/.cache/default-development/6.pack,10371,
578587f2b50d47bc3aed51ba6504f65a6af12e93,DELETE,regular-file,frontend/node_modules/.cache/default-development/7.pack,46396,
ca836e52bafe460567aafd7ae8489c0b8f2594bb,DELETE,regular-file,frontend/node_modules/.cache/default-development/8.pack,14391,
368b226041564ebe58b94e67b797a0adb0235295,DELETE,regular-file,frontend/node_modules/.cache/default-development/9.pack,15953,
bdb24d530e55aa1d739dec5e3c97d17da9111132,DELETE,regular-file,frontend/node_modules/.cache/default-development/index.pack,2087349,
